{"fpr": [[0.0, 0.0, 0.0, 0.07142857142857142, 0.07142857142857142, 0.14285714285714285, 0.14285714285714285, 0.21428571428571427, 0.21428571428571427, 0.35714285714285715, 0.35714285714285715, 0.5, 0.5, 0.7142857142857143, 0.7142857142857143, 1.0], [0.0, 0.0, 0.0, 0.0, 0.0, 0.14285714285714285, 0.14285714285714285, 1.0], [0.0, 0.0, 0.0, 0.07142857142857142, 0.07142857142857142, 0.9285714285714286, 0.9285714285714286, 1.0], [0.0, 0.0, 0.0, 0.07142857142857142, 0.07142857142857142, 0.14285714285714285, 0.14285714285714285, 0.21428571428571427, 0.21428571428571427, 0.2857142857142857, 0.2857142857142857, 0.35714285714285715, 0.35714285714285715, 0.42857142857142855, 0.42857142857142855, 1.0], [0.0, 0.0, 0.0, 0.06666666666666667, 0.06666666666666667, 1.0]], "tpr": [[0.0, 0.041666666666666664, 0.5, 0.5, 0.5416666666666666, 0.5416666666666666, 0.5833333333333334, 0.5833333333333334, 0.8333333333333334, 0.8333333333333334, 0.875, 0.875, 0.9166666666666666, 0.9166666666666666, 1.0, 1.0], [0.0, 0.041666666666666664, 0.125, 0.20833333333333334, 0.7916666666666666, 0.7916666666666666, 1.0, 1.0], [0.0, 0.041666666666666664, 0.6666666666666666, 0.6666666666666666, 0.9583333333333334, 0.9583333333333334, 1.0, 1.0], [0.0, 0.041666666666666664, 0.5416666666666666, 0.5416666666666666, 0.7083333333333334, 0.7083333333333334, 0.75, 0.75, 0.8333333333333334, 0.8333333333333334, 0.9166666666666666, 0.9166666666666666, 0.9583333333333334, 0.9583333333333334, 1.0, 1.0], [0.0, 0.043478260869565216, 0.8695652173913043, 0.8695652173913043, 1.0, 1.0]], "AUC": [0.8422619047619048, 0.9702380952380953, 0.9404761904761905, 0.9077380952380952, 0.991304347826087]}