{"fpr": [[0.0, 0.0, 0.0, 0.07142857142857142, 0.07142857142857142, 0.14285714285714285, 0.14285714285714285, 0.21428571428571427, 0.21428571428571427, 0.35714285714285715, 0.35714285714285715, 0.7142857142857143, 0.7142857142857143, 1.0], [0.0, 0.0, 0.0, 0.0, 0.0, 0.07142857142857142, 0.07142857142857142, 0.21428571428571427, 0.2857142857142857, 0.2857142857142857, 0.42857142857142855, 0.5714285714285714, 0.5714285714285714, 0.6428571428571429, 0.7857142857142857, 0.7857142857142857, 0.8571428571428571, 0.8571428571428571, 0.8571428571428571, 1.0], [0.0, 0.0, 0.0, 0.07142857142857142, 0.07142857142857142, 0.9285714285714286, 0.9285714285714286, 1.0], [0.0, 0.0, 0.0, 0.07142857142857142, 0.07142857142857142, 0.2857142857142857, 0.2857142857142857, 0.35714285714285715, 0.35714285714285715, 0.42857142857142855, 0.42857142857142855, 1.0], [0.0, 0.0, 0.0, 0.06666666666666667, 0.06666666666666667, 0.2, 0.2, 1.0]], "tpr": [[0.0, 0.041666666666666664, 0.5833333333333334, 0.5833333333333334, 0.7083333333333334, 0.7083333333333334, 0.8333333333333334, 0.8333333333333334, 0.9166666666666666, 0.9166666666666666, 0.9583333333333334, 0.9583333333333334, 1.0, 1.0], [0.0, 0.041666666666666664, 0.25, 0.3333333333333333, 0.625, 0.625, 0.6666666666666666, 0.6666666666666666, 0.6666666666666666, 0.7083333333333334, 0.7083333333333334, 0.7083333333333334, 0.75, 0.7916666666666666, 0.7916666666666666, 0.8333333333333334, 0.8333333333333334, 0.9166666666666666, 1.0, 1.0], [0.0, 0.041666666666666664, 0.9166666666666666, 0.9166666666666666, 0.9583333333333334, 0.9583333333333334, 1.0, 1.0], [0.0, 0.041666666666666664, 0.5, 0.5, 0.7083333333333334, 0.7083333333333334, 0.75, 0.75, 0.875, 0.875, 1.0, 1.0], [0.0, 0.043478260869565216, 0.8695652173913043, 0.8695652173913043, 0.9565217391304348, 0.9565217391304348, 1.0, 1.0]], "AUC": [0.9107142857142857, 0.7604166666666666, 0.9583333333333334, 0.8749999999999999, 0.9855072463768116]}