{"fpr": [[0.0, 0.0, 0.0, 0.07142857142857142, 0.07142857142857142, 0.14285714285714285, 0.14285714285714285, 0.21428571428571427, 0.21428571428571427, 0.35714285714285715, 0.35714285714285715, 0.5, 0.5, 1.0], [0.0, 0.0, 0.0, 0.07142857142857142, 0.07142857142857142, 0.14285714285714285, 0.14285714285714285, 0.2857142857142857, 0.2857142857142857, 1.0], [0.0, 0.0, 0.0, 0.07142857142857142, 0.07142857142857142, 0.6428571428571429, 0.6428571428571429, 1.0], [0.0, 0.0, 0.0, 0.07142857142857142, 0.07142857142857142, 0.21428571428571427, 0.21428571428571427, 0.2857142857142857, 0.2857142857142857, 0.35714285714285715, 0.35714285714285715, 0.42857142857142855, 0.42857142857142855, 1.0], [0.0, 0.0, 0.0, 0.13333333333333333, 0.13333333333333333, 1.0]], "tpr": [[0.0, 0.041666666666666664, 0.5, 0.5, 0.5416666666666666, 0.5416666666666666, 0.75, 0.75, 0.9166666666666666, 0.9166666666666666, 0.9583333333333334, 0.9583333333333334, 1.0, 1.0], [0.0, 0.041666666666666664, 0.75, 0.75, 0.875, 0.875, 0.9166666666666666, 0.9166666666666666, 1.0, 1.0], [0.0, 0.041666666666666664, 0.9166666666666666, 0.9166666666666666, 0.9583333333333334, 0.9583333333333334, 1.0, 1.0], [0.0, 0.041666666666666664, 0.5833333333333334, 0.5833333333333334, 0.625, 0.625, 0.7083333333333334, 0.7083333333333334, 0.75, 0.75, 0.875, 0.875, 1.0, 1.0], [0.0, 0.043478260869565216, 0.9565217391304348, 0.9565217391304348, 1.0, 1.0]], "AUC": [0.8958333333333333, 0.9613095238095238, 0.9702380952380952, 0.869047619047619, 0.9942028985507246]}