{"fpr": [[0.0, 0.0, 0.0, 0.07142857142857142, 0.07142857142857142, 0.2857142857142857, 0.2857142857142857, 0.42857142857142855, 0.42857142857142855, 0.5, 0.5, 1.0], [0.0, 0.0, 0.0, 0.07142857142857142, 0.07142857142857142, 0.14285714285714285, 0.14285714285714285, 0.21428571428571427, 0.21428571428571427, 0.2857142857142857, 0.2857142857142857, 0.35714285714285715, 0.35714285714285715, 0.42857142857142855, 0.42857142857142855, 0.6428571428571429, 0.6428571428571429, 1.0], [0.0, 0.0, 0.0, 0.07142857142857142, 0.07142857142857142, 0.14285714285714285, 0.14285714285714285, 0.21428571428571427, 0.21428571428571427, 1.0], [0.0, 0.0, 0.0, 0.07142857142857142, 0.07142857142857142, 0.21428571428571427, 0.21428571428571427, 0.2857142857142857, 0.2857142857142857, 0.35714285714285715, 0.35714285714285715, 1.0], [0.0, 0.0, 0.0, 0.06666666666666667, 0.06666666666666667, 0.13333333333333333, 0.13333333333333333, 0.2, 0.2, 1.0]], "tpr": [[0.0, 0.041666666666666664, 0.6666666666666666, 0.6666666666666666, 0.75, 0.75, 0.875, 0.875, 0.9166666666666666, 0.9166666666666666, 1.0, 1.0], [0.0, 0.041666666666666664, 0.5, 0.5, 0.5416666666666666, 0.5416666666666666, 0.7083333333333334, 0.7083333333333334, 0.75, 0.75, 0.7916666666666666, 0.7916666666666666, 0.875, 0.875, 0.9166666666666666, 0.9166666666666666, 1.0, 1.0], [0.0, 0.041666666666666664, 0.4166666666666667, 0.4166666666666667, 0.5, 0.5, 0.9166666666666666, 0.9166666666666666, 1.0, 1.0], [0.0, 0.041666666666666664, 0.6666666666666666, 0.6666666666666666, 0.875, 0.875, 0.9166666666666666, 0.9166666666666666, 0.9583333333333334, 0.9583333333333334, 1.0, 1.0], [0.0, 0.043478260869565216, 0.8695652173913043, 0.8695652173913043, 0.9130434782608695, 0.9130434782608695, 0.9565217391304348, 0.9565217391304348, 1.0, 1.0]], "auc": [0.8988095238095238, 0.8511904761904762, 0.9166666666666666, 0.9494047619047619, 0.982608695652174]}