{"fpr": [[0.0, 0.0, 0.0, 0.07142857142857142, 0.07142857142857142, 0.2857142857142857, 0.2857142857142857, 0.35714285714285715, 0.35714285714285715, 1.0], [0.0, 0.0, 0.0, 0.07142857142857142, 0.07142857142857142, 0.2857142857142857, 0.2857142857142857, 0.35714285714285715, 0.35714285714285715, 1.0], [0.0, 0.0, 0.0, 0.07142857142857142, 0.07142857142857142, 0.14285714285714285, 0.14285714285714285, 0.21428571428571427, 0.21428571428571427, 1.0], [0.0, 0.0, 0.0, 0.07142857142857142, 0.07142857142857142, 0.21428571428571427, 0.21428571428571427, 0.2857142857142857, 0.2857142857142857, 0.35714285714285715, 0.35714285714285715, 1.0], [0.0, 0.0, 0.0, 0.13333333333333333, 0.13333333333333333, 1.0]], "tpr": [[0.0, 0.041666666666666664, 0.8333333333333334, 0.8333333333333334, 0.9166666666666666, 0.9166666666666666, 0.9583333333333334, 0.9583333333333334, 1.0, 1.0], [0.0, 0.041666666666666664, 0.7083333333333334, 0.7083333333333334, 0.75, 0.75, 0.7916666666666666, 0.7916666666666666, 1.0, 1.0], [0.0, 0.041666666666666664, 0.4166666666666667, 0.4166666666666667, 0.5, 0.5, 0.875, 0.875, 1.0, 1.0], [0.0, 0.041666666666666664, 0.6666666666666666, 0.6666666666666666, 0.8333333333333334, 0.8333333333333334, 0.9166666666666666, 0.9166666666666666, 0.9583333333333334, 0.9583333333333334, 1.0, 1.0], [0.0, 0.043478260869565216, 0.8260869565217391, 0.8260869565217391, 1.0, 1.0]], "auc": [0.9672619047619047, 0.9107142857142856, 0.9136904761904762, 0.9434523809523809, 0.9768115942028985]}