{"fpr": [[0.0, 0.0, 0.0, 0.07142857142857142, 0.07142857142857142, 0.14285714285714285, 0.14285714285714285, 0.5714285714285714, 0.5714285714285714, 0.6428571428571429, 0.6428571428571429, 1.0], [0.0, 0.0, 0.0, 0.14285714285714285, 0.14285714285714285, 0.21428571428571427, 0.21428571428571427, 0.35714285714285715, 0.35714285714285715, 0.5, 0.5, 1.0], [0.0, 0.0, 0.0, 0.07142857142857142, 0.07142857142857142, 0.14285714285714285, 0.14285714285714285, 0.21428571428571427, 0.21428571428571427, 1.0], [0.0, 0.0, 0.0, 0.07142857142857142, 0.07142857142857142, 0.21428571428571427, 0.2857142857142857, 0.2857142857142857, 0.35714285714285715, 0.35714285714285715, 1.0], [0.0, 0.0, 0.0, 0.06666666666666667, 0.06666666666666667, 0.2, 0.2, 0.26666666666666666, 0.26666666666666666, 1.0]], "tpr": [[0.0, 0.041666666666666664, 0.75, 0.75, 0.7916666666666666, 0.7916666666666666, 0.8333333333333334, 0.8333333333333334, 0.9166666666666666, 0.9166666666666666, 1.0, 1.0], [0.0, 0.041666666666666664, 0.6666666666666666, 0.6666666666666666, 0.8333333333333334, 0.8333333333333334, 0.875, 0.875, 0.9166666666666666, 0.9166666666666666, 1.0, 1.0], [0.0, 0.041666666666666664, 0.4583333333333333, 0.4583333333333333, 0.5, 0.5, 0.7916666666666666, 0.7916666666666666, 1.0, 1.0], [0.0, 0.041666666666666664, 0.7083333333333334, 0.7083333333333334, 0.7916666666666666, 0.7916666666666666, 0.8333333333333334, 0.9166666666666666, 0.9166666666666666, 1.0, 1.0], [0.0, 0.043478260869565216, 0.4782608695652174, 0.4782608695652174, 0.6521739130434783, 0.6521739130434783, 0.9565217391304348, 0.9565217391304348, 1.0, 1.0]], "auc": [0.8898809523809523, 0.9107142857142857, 0.9107142857142857, 0.9300595238095237, 0.9159420289855073]}