{"fpr": [[0.0, 0.0, 0.0, 0.21428571428571427, 0.21428571428571427, 0.2857142857142857, 0.2857142857142857, 0.35714285714285715, 0.35714285714285715, 0.42857142857142855, 0.42857142857142855, 0.6428571428571429, 0.6428571428571429, 1.0], [0.0, 0.0, 0.0, 0.14285714285714285, 0.14285714285714285, 1.0], [0.0, 0.0, 0.0, 0.07142857142857142, 0.07142857142857142, 0.14285714285714285, 0.14285714285714285, 0.2857142857142857, 0.2857142857142857, 1.0], [0.0, 0.0, 0.0, 0.07142857142857142, 0.07142857142857142, 0.14285714285714285, 0.14285714285714285, 0.21428571428571427, 0.21428571428571427, 0.2857142857142857, 0.2857142857142857, 0.35714285714285715, 0.35714285714285715, 0.42857142857142855, 0.42857142857142855, 1.0], [0.0, 0.0, 0.0, 0.06666666666666667, 0.06666666666666667, 1.0]], "tpr": [[0.0, 0.041666666666666664, 0.4166666666666667, 0.4166666666666667, 0.5416666666666666, 0.5416666666666666, 0.75, 0.75, 0.7916666666666666, 0.7916666666666666, 0.8333333333333334, 0.8333333333333334, 1.0, 1.0], [0.0, 0.041666666666666664, 0.875, 0.875, 1.0, 1.0], [0.0, 0.041666666666666664, 0.4583333333333333, 0.4583333333333333, 0.8333333333333334, 0.8333333333333334, 0.9583333333333334, 0.9583333333333334, 1.0, 1.0], [0.0, 0.041666666666666664, 0.4583333333333333, 0.4583333333333333, 0.625, 0.625, 0.7083333333333334, 0.7083333333333334, 0.7916666666666666, 0.7916666666666666, 0.875, 0.875, 0.9583333333333334, 0.9583333333333334, 1.0, 1.0], [0.0, 0.043478260869565216, 0.9130434782608695, 0.9130434782608695, 1.0, 1.0]], "AUC": [0.7738095238095238, 0.9821428571428572, 0.9434523809523809, 0.8869047619047619, 0.9942028985507246]}