{"fpr": [[0.0, 0.0, 0.0, 0.07142857142857142, 0.07142857142857142, 0.14285714285714285, 0.14285714285714285, 0.21428571428571427, 0.21428571428571427, 0.35714285714285715, 0.35714285714285715, 0.7142857142857143, 0.7142857142857143, 1.0], [0.0, 0.0, 0.0, 0.0, 0.0, 0.07142857142857142, 0.07142857142857142, 0.14285714285714285, 0.14285714285714285, 0.21428571428571427, 0.21428571428571427, 0.5, 0.5, 0.5714285714285714, 0.5714285714285714, 1.0], [0.0, 0.0, 0.0, 0.07142857142857142, 0.07142857142857142, 0.7857142857142857, 0.7857142857142857, 1.0], [0.0, 0.0, 0.0, 0.07142857142857142, 0.07142857142857142, 0.21428571428571427, 0.21428571428571427, 0.35714285714285715, 0.35714285714285715, 0.42857142857142855, 0.42857142857142855, 1.0], [0.0, 0.0, 0.0, 0.26666666666666666, 0.26666666666666666, 1.0]], "tpr": [[0.0, 0.041666666666666664, 0.5833333333333334, 0.5833333333333334, 0.7083333333333334, 0.7083333333333334, 0.8333333333333334, 0.8333333333333334, 0.9166666666666666, 0.9166666666666666, 0.9583333333333334, 0.9583333333333334, 1.0, 1.0], [0.0, 0.041666666666666664, 0.25, 0.3333333333333333, 0.5833333333333334, 0.5833333333333334, 0.7083333333333334, 0.7083333333333334, 0.875, 0.875, 0.9166666666666666, 0.9166666666666666, 0.9583333333333334, 0.9583333333333334, 1.0, 1.0], [0.0, 0.041666666666666664, 0.9166666666666666, 0.9166666666666666, 0.9583333333333334, 0.9583333333333334, 1.0, 1.0], [0.0, 0.041666666666666664, 0.5416666666666666, 0.5416666666666666, 0.6666666666666666, 0.6666666666666666, 0.75, 0.75, 0.875, 0.875, 1.0, 1.0], [0.0, 0.043478260869565216, 0.9565217391304348, 0.9565217391304348, 1.0, 1.0]], "AUC": [0.9107142857142857, 0.9136904761904762, 0.9642857142857143, 0.875, 0.9884057971014493]}