{"fpr": [[0.0, 0.0, 0.0, 0.07142857142857142, 0.07142857142857142, 0.14285714285714285, 0.14285714285714285, 0.21428571428571427, 0.21428571428571427, 0.2857142857142857, 0.2857142857142857, 0.2857142857142857, 0.5, 0.5, 0.5, 0.5, 0.5, 0.7142857142857143, 0.7142857142857143, 1.0], [0.0, 0.0, 0.0, 0.07142857142857142, 0.07142857142857142, 0.2857142857142857, 0.2857142857142857, 0.35714285714285715, 0.35714285714285715, 0.42857142857142855, 0.42857142857142855, 0.6428571428571429, 0.6428571428571429, 1.0], [0.0, 0.0, 0.0, 0.14285714285714285, 0.14285714285714285, 0.35714285714285715, 0.35714285714285715, 1.0], [0.0, 0.0, 0.0, 0.07142857142857142, 0.07142857142857142, 0.14285714285714285, 0.14285714285714285, 0.21428571428571427, 0.21428571428571427, 0.21428571428571427, 0.5, 0.5, 1.0], [0.0, 0.0, 0.0, 0.13333333333333333, 0.13333333333333333, 0.3333333333333333, 0.3333333333333333, 0.4, 0.4, 0.4666666666666667, 0.4666666666666667, 0.4666666666666667, 0.4666666666666667, 1.0]], "tpr": [[0.0, 0.041666666666666664, 0.2916666666666667, 0.2916666666666667, 0.375, 0.375, 0.4166666666666667, 0.4166666666666667, 0.4583333333333333, 0.5, 0.5416666666666666, 0.625, 0.625, 0.75, 0.8333333333333334, 0.875, 0.9583333333333334, 0.9583333333333334, 1.0, 1.0], [0.0, 0.041666666666666664, 0.5, 0.5, 0.5833333333333334, 0.5833333333333334, 0.625, 0.625, 0.7083333333333334, 0.7083333333333334, 0.7916666666666666, 0.7916666666666666, 1.0, 1.0], [0.0, 0.041666666666666664, 0.5416666666666666, 0.5416666666666666, 0.5833333333333334, 0.5833333333333334, 1.0, 1.0], [0.0, 0.041666666666666664, 0.4583333333333333, 0.4583333333333333, 0.5416666666666666, 0.5416666666666666, 0.5833333333333334, 0.5833333333333334, 0.6666666666666666, 0.875, 0.875, 1.0, 1.0], [0.0, 0.043478260869565216, 0.4782608695652174, 0.4782608695652174, 0.5217391304347826, 0.5217391304347826, 0.6086956521739131, 0.6086956521739131, 0.6956521739130435, 0.6956521739130435, 0.8260869565217391, 0.9130434782608695, 1.0, 1.0]], "AUC": [0.7366071428571429, 0.7827380952380952, 0.8452380952380951, 0.8630952380952381, 0.7884057971014493]}