{"fpr": [[0.0, 0.0, 0.0, 0.0, 0.0, 0.14285714285714285, 0.14285714285714285, 0.21428571428571427, 0.2857142857142857, 0.5, 0.5714285714285714, 0.5714285714285714, 0.6428571428571429, 0.6428571428571429, 0.6428571428571429, 0.7142857142857143, 0.7142857142857143, 0.7142857142857143, 1.0], [0.0, 0.0, 0.0, 0.0, 0.0, 0.07142857142857142, 0.07142857142857142, 0.21428571428571427, 0.2857142857142857, 0.2857142857142857, 0.42857142857142855, 0.5714285714285714, 0.5714285714285714, 0.6428571428571429, 0.7857142857142857, 0.7857142857142857, 0.8571428571428571, 0.8571428571428571, 0.8571428571428571, 1.0], [0.0, 0.0, 0.0, 0.0, 0.0, 0.0, 0.0, 0.0, 0.0, 0.0, 0.0, 0.07142857142857142, 0.07142857142857142, 0.14285714285714285, 0.14285714285714285, 0.2857142857142857, 0.35714285714285715, 0.35714285714285715, 0.5, 0.6428571428571429, 0.7857142857142857, 1.0], [0.0, 0.0, 0.0, 0.07142857142857142, 0.07142857142857142, 0.21428571428571427, 0.21428571428571427, 0.35714285714285715, 0.35714285714285715, 0.35714285714285715, 0.5, 0.5, 1.0], [0.0, 0.0, 0.0, 0.0, 0.0, 0.0, 0.13333333333333333, 0.13333333333333333, 0.2, 0.2, 0.3333333333333333, 0.4666666666666667, 0.4666666666666667, 1.0]], "tpr": [[0.0, 0.041666666666666664, 0.3333333333333333, 0.4166666666666667, 0.625, 0.625, 0.6666666666666666, 0.7083333333333334, 0.7083333333333334, 0.7083333333333334, 0.7083333333333334, 0.75, 0.75, 0.8333333333333334, 0.875, 0.875, 0.9583333333333334, 1.0, 1.0], [0.0, 0.041666666666666664, 0.25, 0.3333333333333333, 0.625, 0.625, 0.6666666666666666, 0.6666666666666666, 0.6666666666666666, 0.7083333333333334, 0.7083333333333334, 0.7083333333333334, 0.75, 0.7916666666666666, 0.7916666666666666, 0.8333333333333334, 0.8333333333333334, 0.9166666666666666, 1.0, 1.0], [0.0, 0.041666666666666664, 0.08333333333333333, 0.16666666666666666, 0.25, 0.3333333333333333, 0.4583333333333333, 0.5416666666666666, 0.625, 0.7083333333333334, 0.75, 0.75, 0.7916666666666666, 0.7916666666666666, 0.875, 0.875, 0.875, 1.0, 1.0, 1.0, 1.0, 1.0], [0.0, 0.041666666666666664, 0.6666666666666666, 0.6666666666666666, 0.75, 0.75, 0.7916666666666666, 0.7916666666666666, 0.875, 0.9583333333333334, 0.9583333333333334, 1.0, 1.0], [0.0, 0.043478260869565216, 0.13043478260869565, 0.391304347826087, 0.5652173913043478, 0.7391304347826086, 0.7391304347826086, 0.8260869565217391, 0.8260869565217391, 0.8695652173913043, 0.8695652173913043, 0.8695652173913043, 1.0, 1.0]], "AUC": [0.793154761904762, 0.7604166666666666, 0.9404761904761905, 0.9047619047619048, 0.9188405797101449]}