{"fpr": [[0.0, 0.0, 0.0, 0.0, 0.0, 0.07142857142857142, 0.07142857142857142, 0.14285714285714285, 0.35714285714285715, 0.42857142857142855, 0.5, 0.5, 0.5, 0.5714285714285714, 0.5714285714285714, 0.7142857142857143, 0.7142857142857143, 0.7857142857142857, 0.7857142857142857, 1.0], [0.0, 0.0, 0.0, 0.0, 0.0, 0.07142857142857142, 0.07142857142857142, 0.21428571428571427, 0.21428571428571427, 0.35714285714285715, 0.35714285714285715, 0.42857142857142855, 0.42857142857142855, 0.5, 0.5, 0.6428571428571429, 0.7142857142857143, 0.8571428571428571, 0.8571428571428571, 0.8571428571428571, 0.8571428571428571, 1.0], [0.0, 0.0, 0.0, 0.0, 0.0, 0.0, 0.0, 0.0, 0.0, 0.07142857142857142, 0.07142857142857142, 0.21428571428571427, 0.2857142857142857, 0.2857142857142857, 0.2857142857142857, 0.35714285714285715, 0.35714285714285715, 0.42857142857142855, 0.7142857142857143, 1.0], [0.0, 0.0, 0.0, 0.07142857142857142, 0.07142857142857142, 0.21428571428571427, 0.21428571428571427, 0.2857142857142857, 0.2857142857142857, 0.35714285714285715, 0.35714285714285715, 0.5, 0.5, 0.5, 0.5, 1.0], [0.0, 0.0, 0.0, 0.0, 0.0, 0.0, 0.2, 0.2, 0.3333333333333333, 0.3333333333333333, 0.4666666666666667, 0.4666666666666667, 1.0]], "tpr": [[0.0, 0.041666666666666664, 0.3333333333333333, 0.4166666666666667, 0.625, 0.625, 0.6666666666666666, 0.6666666666666666, 0.6666666666666666, 0.7083333333333334, 0.7083333333333334, 0.75, 0.8333333333333334, 0.8333333333333334, 0.875, 0.875, 0.9583333333333334, 0.9583333333333334, 1.0, 1.0], [0.0, 0.041666666666666664, 0.25, 0.3333333333333333, 0.4166666666666667, 0.4166666666666667, 0.5416666666666666, 0.5416666666666666, 0.5833333333333334, 0.5833333333333334, 0.6666666666666666, 0.6666666666666666, 0.7083333333333334, 0.7083333333333334, 0.75, 0.75, 0.7916666666666666, 0.7916666666666666, 0.875, 0.9583333333333334, 1.0, 1.0], [0.0, 0.041666666666666664, 0.08333333333333333, 0.16666666666666666, 0.375, 0.4583333333333333, 0.5, 0.5833333333333334, 0.625, 0.625, 0.7083333333333334, 0.7083333333333334, 0.7083333333333334, 0.7916666666666666, 0.8333333333333334, 0.8333333333333334, 1.0, 1.0, 1.0, 1.0], [0.0, 0.041666666666666664, 0.5, 0.5, 0.5833333333333334, 0.5833333333333334, 0.625, 0.625, 0.6666666666666666, 0.6666666666666666, 0.8333333333333334, 0.8333333333333334, 0.875, 0.9583333333333334, 1.0, 1.0], [0.0, 0.043478260869565216, 0.13043478260869565, 0.4782608695652174, 0.6521739130434783, 0.7391304347826086, 0.7391304347826086, 0.782608695652174, 0.782608695652174, 0.9130434782608695, 0.9130434782608695, 1.0, 1.0]], "AUC": [0.8020833333333334, 0.706845238095238, 0.8988095238095238, 0.8303571428571428, 0.9072463768115941]}